﻿<?xml version="1.0" encoding="UTF-8" standalone="yes"?>
<addon id="mundotorrent.repository" name="MundoTorrent Repository" version="1.0.0" provider-name="by">
	<requires>
<import addon="xbmc.python" version="2.1.0"/>
<import addon="script.module.beautifulsoup"/>
<import addon="script.module.simple.downloader"/>
<import addon="script.module.t0mm0.common"/>
<import addon="script.module.beautifulsoup4"/>
<import addon="script.module.requests"/>
<import addon="script.module.httplib2"/>
<import addon="script.module.simple.downloader"/>
<import addon="script.module.urlresolver"/>
<import addon="script.module.simplejson"/>    
<import addon="script.module.livestreamer"/>
<import addon="script.module.pyamf"/>
<import addon="script.common.plugin.cache"/>
<import addon="script.module.metahandler"/>
<import addon="script.module.addon.common"/>
<import addon="script.module.addon.signals"/>
</requires>
	<extension point="xbmc.addon.repository" name="MundoTorrent Repository">
		<info compressed="false">https://raw.githubusercontent.com/wcease/mundotorrents/master/addons.xml</info>
		<checksum>https://raw.githubusercontent.com/wcease/mundotorrents/master/addons.xml.md5</checksum>
		<datadir zip="true">https://raw.githubusercontent.com/wcease/mundotorrents/master/</datadir>
	</extension>
	<extension point="xbmc.addon.metadata">
		<summary>MundoTorrent Addon</summary>
		<description>Addon Gratuito.</description>
		<disclaimer></disclaimer>
		<platform>all</platform>
	</extension>
</addon>
